runner_bib,runner_name,runner_age,runner_gender,finish_time
1,Loydie Lopes,17,Male,16:01
2,Lorens Crispe,33,Male,15:40
3,Shirline Hasser,22,Female,14:20
4,Alleyn Hartshorn,39,Male,17:06
5,Wang MacColl,50,Male,16:49
6,Tonnie Tidder,44,Male,15:43
7,Hermy Everal,51,Male,
8,Basil Moxsom,44,Male,15:16
9,Lark Bragge,30,Female,15:59
10,Kent Wakely,60,Male,14:29
11,Judye Hattrick,17,Female,15:27
12,Amalea Laurand,17,Agender,16:46
13,Christiana Winspeare,52,Female,16:18
14,Trevar Pegrum,31,Male,16:05
15,Kearney Doumerc,48,Male,15:11
16,Casey Arthur,54,Female,16:41
17,Antony Burnes,19,Male,15:58
18,Ike Ranson,20,Agender,16:45
19,Niels Lynagh,25,Male,17:08
20,Stormy Gideon,43,Female,16:51
21,Carmencita Petrishchev,20,Female,14:15
22,Cristina Brabbs,60,Female,14:20
23,Cordy Jeannaud,27,Female,14:45
24,Rubi Greeson,39,Female,14:46
25,Mickie Drohun,28,Female,16:20
26,Levon Cayette,14,Male,17:07
27,Georges Capoun,38,Male,14:47
28,Yance Ingreda,39,Male,15:40
29,Elfreda Dunmuir,44,Female,15:04
30,Ivar Nutting,33,Male,15:00
31,Sibley Golton,42,Female,14:54
32,Winn Froome,48,Male,14:25
33,Gabbie Woollhead,35,Male,14:39
34,Essy Icke,48,Female,14:53
35,Rodd Pessler,53,Male,16:08
36,Gertrude Sinclaire,21,Female,15:15
37,Colan Piser,52,Male,14:51
38,Mellie Merryfield,54,Non-binary,15:03
39,Filippo Keaysell,25,Male,15:58
40,Daphene Lamping,28,Female,15:41
41,Frasier Pearle,47,Male,14:46
42,Timmy Reeder,35,Female,15:02
43,Sophronia Ruddlesden,35,Female,14:20
44,Noami MacCourt,34,Female,14:35
45,Jayme Dangerfield,26,Male,15:42
46,Jamill Cornilleau,48,Male,15:55
47,Fleurette Brake,36,Female,16:59
48,Armando Goodbur,37,Male,17:08
49,Lily Brigman,48,Bigender,15:28
50,Pinchas Fitchen,39,Male,16:45
51,Erinn Kellie,22,Female,17:03
52,Xylina Stoves,42,Female,16:55
53,Damon Lillecrop,32,Male,14:59
54,Gertrud Benallack,40,Female,15:34
55,Grant Arangy,38,Male,14:22
56,Hastie Dutnall,47,Male,15:52
57,Pierson Chaney,52,Agender,16:58
58,Philipa Brain,50,Female,16:46
59,Vitoria Baile,34,Genderfluid,15:06
60,Nicolle Erskine,54,Female,
61,Wendye Lauderdale,44,Female,16:39
62,Maurise Alberti,48,Male,15:41
63,Vaclav Van Dijk,14,Male,16:00
64,Trstram Gasken,20,Male,17:06
65,Christoph Rodolfi,45,Male,17:05
66,Isidora Lyptrade,46,Female,15:37
67,Krisha Rumbold,23,Male,16:57
68,Fonsie Haithwaite,50,Polygender,16:00
69,Hans Larkcum,50,Male,
70,Wat Couper,19,Male,16:20
71,Lonee Greet,21,Female,16:10
72,Chanda Daldan,42,Non-binary,16:22
73,Patton Choake,42,Male,15:23
74,Helene Dilon,61,Female,14:18
75,Elianora Sidon,21,Female,
76,Mirabelle Veneur,41,Female,16:39
77,Othello Jukes,20,Male,15:33
78,Noby Lyston,38,Male,14:38
79,Hanan Musico,22,Male,15:38
80,Fonsie Belhome,28,Male,15:12
81,Rodge Evison,49,Male,14:37
82,Donovan Cassie,57,Male,15:23
83,Egon Ludvigsen,43,Male,14:59
84,Irma Ruvel,26,Female,16:26
85,Sylvan Axelbey,45,Male,14:30
86,Koo Skingley,26,Female,
87,Amaleta Stevings,34,Female,15:40
88,Fianna Mault,57,Female,17:00
89,Allie Dorbon,52,Female,16:50
90,Tammie Burbank,32,Male,15:52
91,Constancy Mariolle,20,Female,14:19
92,Ev Jurries,59,Male,15:01
93,Raquel Haddington,55,Female,16:56
94,Marlow Gurton,21,Male,17:08
95,Auberon Haggish,57,Male,16:28
96,Celeste Blundin,34,Female,16:49
97,Tate Webberley,45,Female,15:01
98,Rodolphe Liggons,15,Male,14:33
99,Reinald Hancke,43,Male,16:44
100,Ossie Veryard,29,Male,14:44
101,Alphard Mapother,37,Male,14:35
102,Margalit Beste,48,Female,14:29
103,Ardene Hackney,22,Female,16:40
104,Shay Ledwich,46,Male,17:09
105,Burr Wisby,30,Male,16:32
106,Pepe Grealy,55,Male,15:59
107,Latia Cornelleau,54,Female,16:44
108,Caldwell Tierny,61,Male,15:35
109,Jamie Esome,54,Female,15:08
110,Cull Preist,23,Male,14:31
111,Sarah Jebb,28,Female,15:34
112,Karrah Eitter,49,Female,15:23
113,Caron Guerner,33,Female,16:08
114,Arin Maffezzoli,52,Male,14:18
115,Ulrike Halward,60,Female,15:13
116,Donal Olczyk,45,Male,16:20
117,Susana Rablen,24,Female,16:17
118,Idelle Hoolaghan,50,Female,15:05
119,Farlie Weben,55,Male,15:29
120,Frederique Sains,29,Female,14:28
121,Beryle Bremond,33,Female,16:18
122,Betty Rubinlicht,32,Female,14:50
123,Trumann Winny,33,Polygender,14:57
124,Elden Tomowicz,32,Male,14:40
125,Delcine Kayzer,46,Female,15:59
126,Caron Strothers,15,Female,15:55
127,Nichols Brosch,17,Genderqueer,16:52
128,Durant Cristol,50,Male,15:03
129,Israel Kibbel,15,Male,15:14
130,Mackenzie Strutley,49,Male,14:41
131,Jamaal Melladew,57,Male,15:36
132,Dinnie Addlestone,14,Female,16:19
133,Briny Beazey,36,Female,16:33
134,Marylin Standering,18,Female,14:15
135,Tucky Slator,18,Genderfluid,15:01
136,Karie Iacopetti,45,Female,16:38
137,Lorenza Pugsley,41,Female,15:41
138,Melanie Paul,39,Female,16:01
139,Bob Brane,30,Bigender,17:01
140,Cammy Kacheller,39,Male,15:00
141,Andrei Whitlaw,37,Female,16:02
142,Teddie Collyear,56,Female,16:16
143,Dael Norwood,22,Male,15:26
144,Dorolisa Catonne,28,Female,17:04
145,Goldina Matussevich,61,Female,15:06
146,Scotti McMahon,31,Male,17:04
147,Consuela Cordeiro,45,Female,14:24
148,Colin Peacham,18,Male,14:34
149,Norry Ault,22,Male,15:29
150,Parry Lionel,38,Polygender,14:56
151,Consalve Eddowes,48,Male,14:41
152,Patrice Draye,18,Genderfluid,14:15
153,Candide Jerok,45,Genderqueer,17:02
154,Sunshine Rama,28,Female,14:37
155,Isidor Oxx,23,Male,15:19
156,Dimitry Ruste,52,Male,16:27
157,Orren Ruthen,37,Male,14:53
158,Kameko Rouchy,60,Genderqueer,15:54
159,Blondie Bilovsky,29,Female,16:51
160,Craig Dockray,47,Male,
161,Briggs Parsonage,15,Male,15:48
162,Ariel Holyard,42,Bigender,17:01
163,Adda Bradlaugh,49,Female,15:24
164,Darryl Scraggs,36,Male,15:22
165,Ula Vokins,47,Genderqueer,17:00
166,Kevan Chisman,51,Male,16:28
167,Elianora Utteridge,58,Female,15:14
168,Vivia Eary,34,Female,14:51
169,Baily Sherratt,32,Male,16:00
170,Bev Hamerton,36,Male,15:14
171,Sophi Mac,23,Genderfluid,
172,Charlotta O'Cannovane,58,Female,14:43
173,Cornie Oldfield-Cherry,54,Male,15:55
174,Bonny Barbier,57,Female,15:02
175,Moe Blacker,49,Male,14:54
176,Parry Calver,36,Male,16:39
177,Tomas Pettifor,14,Male,
178,Kaleena Howsan,61,Female,
179,Welch Stirzaker,36,Male,15:48
180,Christoph Burrel,28,Male,
181,Leighton Chittenden,17,Male,16:01
182,Tim Yanson,26,Male,14:49
183,Amalie Cords,27,Female,14:19
184,Bryon Juett,22,Male,15:53
185,Emerson Curston,60,Male,15:24
186,Trudey O'Mailey,58,Female,16:45
187,Nanny Barensky,55,Female,16:26
188,Ode Jovicevic,62,Male,
6,Tonnie Tidder,44,Male,15:43
7,Hermy Everal,51,Male,
8,Basil Moxsom,44,Male,15:16
9,Lark Bragge,30,Female,15:59
10,Kent Wakely,60,Male,14:29
11,Judye Hattrick,17,Female,15:27
12,Amalea Laurand,17,Agender,16:46
13,Christiana Winspeare,52,Female,16:18
14,Trevar Pegrum,31,Male,16:05
15,Kearney Doumerc,48,Male,15:11
16,Casey Arthur,54,Female,16:41
17,Antony Burnes,19,Male,15:58
18,Ike Ranson,20,Agender,16:45
19,Niels Lynagh,25,Male,17:08
20,Stormy Gideon,43,Female,16:51
21,Carmencita Petrishchev,20,Female,14:15
22,Cristina Brabbs,60,Female,14:20
23,Cordy Jeannaud,27,Female,14:45
24,Rubi Greeson,39,Female,14:46
25,Mickie Drohun,28,Female,16:20
26,Levon Cayette,14,Male,17:07
27,Georges Capoun,38,Male,14:47
28,Yance Ingreda,39,Male,15:40
29,Elfreda Dunmuir,44,Female,15:04
30,Ivar Nutting,33,Male,15:00
31,Sibley Golton,42,Female,14:54
32,Winn Froome,48,Male,14:25
33,Gabbie Woollhead,35,Male,14:39
34,Essy Icke,48,Female,14:53
35,Rodd Pessler,53,Male,16:08
36,Gertrude Sinclaire,21,Female,15:15
6,Tonnie Tidder,44,Male,15:43
7,Hermy Everal,51,Male,
8,Basil Moxsom,44,Male,15:16
9,Lark Bragge,30,Female,15:59
10,Kent Wakely,60,Male,14:29
11,Judye Hattrick,17,Female,15:27
12,Amalea Laurand,17,Agender,16:46
13,Christiana Winspeare,52,Female,16:18
14,Trevar Pegrum,31,Male,16:05
15,Kearney Doumerc,48,Male,15:11
16,Casey Arthur,54,Female,16:41
17,Antony Burnes,19,Male,15:58
18,Ike Ranson,20,Agender,16:45
19,Niels Lynagh,25,Male,17:08
20,Stormy Gideon,43,Female,16:51
21,Carmencita Petrishchev,20,Female,14:15
22,Cristina Brabbs,60,Female,14:20
23,Cordy Jeannaud,27,Female,14:45
24,Rubi Greeson,39,Female,14:46
25,Mickie Drohun,28,Female,16:20
26,Levon Cayette,14,Male,17:07
27,Georges Capoun,38,Male,14:47
28,Yance Ingreda,39,Male,15:40
29,Elfreda Dunmuir,44,Female,15:04
30,Ivar Nutting,33,Male,15:00
31,Sibley Golton,42,Female,14:54
32,Winn Froome,48,Male,14:25
33,Gabbie Woollhead,35,Male,14:39
34,Essy Icke,48,Female,14:53
35,Rodd Pessler,53,Male,16:08
36,Gertrude Sinclaire,21,Female,15:15
189,Shayne Hilldrop,60,Male,15:30
190,De Gowing,30,Female,15:58
191,Geri Conroy,22,Bigender,17:01
192,Perceval Lesor,28,Male,
193,Shelby Baguley,17,Female,16:39
194,Cullen Loveman,45,Male,
195,Ardene Rowsell,46,Female,14:42
196,Sandor Kenryd,37,Male,14:23
197,Gerrie Buckleigh,43,Female,16:36
198,Marillin Crix,22,Female,16:24
199,Deane Atter,51,Male,16:09
200,Alfonso Guerreau,43,Male,14:58
201,Marieann Stealy,26,Female,16:41
202,Doris Kellen,39,Female,
203,West Dingley,42,Male,
204,Giffer Shrawley,16,Male,15:48
205,Codie Greiswood,56,Male,16:03
206,Kinny Cyphus,48,Bigender,16:03
207,Madalyn Farny,15,Female,14:18
208,Aridatha Lowten,37,Female,16:50
209,Keith Eilhersen,62,Male,16:03
210,Thaddus Offield,59,Polygender,15:11
211,Arliene Cockshoot,38,Female,15:53
212,Barbara-anne Wheatland,42,Female,16:34
213,Valeria Bonhan,52,Female,15:09
214,Yorker Massinger,22,Male,16:47
215,Win Winscom,32,Male,15:54
216,Henka Gallahar,39,Female,17:02
217,Celeste Wardington,18,Female,16:32
218,Hakeem Carss,37,Male,16:07
219,Tiphany Luquet,22,Female,14:44
220,Justinn Saffe,21,Female,14:19
221,Keriann Proby,35,Female,15:43
222,Melony Goracci,19,Female,16:56
223,Holmes Strangward,49,Male,16:43
224,Rabbi Carne,43,Male,15:18
225,Booth Hynd,27,Male,16:27
226,Pierette McKilroe,56,Female,16:13
227,Harlene Sunock,58,Female,
228,Durante Wloch,37,Polygender,15:37
229,Nerty Edes,37,Female,16:00
230,Ibby Dimbleby,19,Female,16:38
231,Joann Behnke,56,Genderqueer,
232,Candida Dumbrill,57,Female,15:32
233,Garvy Suffe,57,Male,16:07
234,Fielding Vlasyev,17,Non-binary,
235,Conant Sherborne,32,Male,15:17
236,Georgi Gabbotts,21,Male,16:08
237,Vince McGaw,49,Male,16:41
238,Melloney Fonteyne,20,Female,14:15
239,Jessey Vallintine,49,Male,16:37
240,Marylinda Garlic,38,Female,16:03
241,Noellyn Ecclestone,27,Female,16:39
242,Lazare Tommei,56,Male,16:19
243,Darren Cliss,24,Male,15:32
244,Kalle Arntzen,39,Male,16:20
245,Carmella Meehan,54,Female,15:20
246,Elke Bourtoumieux,52,Female,16:04
247,Kendall Guerrazzi,21,Male,15:32
248,Alaine Di Giacomo,41,Female,15:46
249,Sephira Kirgan,33,Bigender,14:24
250,Crin Nayshe,26,Female,16:44
251,Welch Wadly,40,Male,14:26
252,Nonie Rowledge,52,Female,16:50
253,Robyn Cholomin,52,Female,16:23
254,Darice Longhorne,52,Genderqueer,
255,Geoffrey Waskett,59,Male,
256,Sammie Wardesworth,17,Male,15:43
257,Abigael Dowsey,28,Female,15:16
258,Evin Clement,40,Male,16:44
259,Townie Camies,34,Male,17:02
260,Yurik Grimstead,45,Male,15:03
261,Evangeline Langdon,25,Female,15:34
262,Rosene Stollery,21,Female,16:51
263,Ernestus Draper,45,Bigender,14:58
264,Ancell Longmuir,42,Male,15:23
265,Ferne Doe,59,Female,16:38
266,Devan Attwill,48,Female,14:16
267,Gerrie Pittem,20,Male,15:09
268,Aurilia McKay,33,Female,16:24
269,Regan Lewry,37,Female,15:01
270,Emlyn Threlkeld,36,Male,15:06
271,Derwin Alleway,54,Male,14:37
272,Emalee Hatcliffe,37,Female,16:31
273,Michale Pearn,37,Male,17:09
274,Alexandre Straffon,54,Male,14:56
275,Wilt Talmadge,47,Male,14:36
276,William Wodeland,54,Male,17:01
277,Cloris Willan,39,Female,14:21
278,Saxon Willoughby,34,Male,15:39
279,Fitz Densie,45,Male,16:37
280,Rivkah Kellough,60,Female,15:50
281,Brantley Snodin,48,Male,14:49
282,Alysia Moulin,38,Female,15:07
283,Karyl Pyne,38,Polygender,14:21
284,Dasha Genicke,27,Female,16:25
285,Elvera Passby,59,Female,16:40
286,Erasmus Benson,53,Male,
287,Barbabra Hellin,20,Female,16:12
288,Selinda Kaspar,30,Female,14:35
289,Filippa Roskeilly,58,Female,14:29
290,Bjorn Skeermor,17,Male,15:27
291,Joanna Risson,14,Female,15:54
292,Konstanze Bullant,15,Female,14:40
293,Con O'Gready,19,Female,14:46
294,Maxi Laroux,34,Female,16:09
295,Whitman Boulsher,53,Male,15:46
296,D'arcy Harwick,40,Male,15:34
297,Lexi Bathoe,58,Female,15:36
298,Thia Worden,56,Female,15:42
299,Jane Ceschi,48,Female,15:28
300,Hollis Murthwaite,14,Male,14:25
301,Shaun Gonnet,18,Male,14:20
302,Ingamar Proppers,24,Male,15:02
303,Shellysheldon McKenna,46,Male,15:35
304,Nariko Aldins,21,Female,
305,Malory Horsley,40,Female,14:33
306,Shel Churchin,61,Female,14:37
307,Damian Gladdis,36,Bigender,16:40
308,Jeremy Abelson,54,Male,14:43
309,Otha Sone,29,Female,16:03
310,Cyrus Chardin,35,Genderfluid,16:57
311,Adriena Marcos,27,Female,16:10
312,Clare Youel,15,Female,
313,Dasi Stadden,54,Female,15:20
314,Alejoa Normansell,21,Bigender,16:04
315,Karita Christer,30,Female,15:20
316,Dani Bomb,39,Male,16:53
317,Ody Gian,48,Bigender,16:12
318,Coletta Longea,35,Agender,16:10
319,Ianthe Kryszka,23,Female,16:03
320,Berkeley Swanbourne,39,Male,16:50
321,Jacobo Telling,33,Agender,14:47
322,Minnaminnie Weinberg,34,Female,15:37
323,Johannes Skatcher,36,Male,16:31
324,Bengt Goodge,59,Male,15:16
325,Holt Teissier,36,Male,14:18
326,Candida Pimblotte,38,Female,15:29
327,West Vedstra,15,Male,15:53
328,Rip Carlens,62,Male,14:29
329,Inessa Toffaloni,29,Female,15:51
330,Genni Handling,16,Non-binary,15:25
331,Maighdiln Skurray,61,Female,16:33
332,Ina Bonifant,30,Agender,15:17
333,Hillard Pagan,33,Male,16:03
334,Kylie Downs,26,Female,16:21
335,Gennie Antoniat,39,Female,16:16
336,Nicolis Storrah,50,Male,14:45
337,Nickey Malley,47,Male,16:09
338,Terence Issacson,14,Male,
339,Zaria Greggersen,58,Female,16:45
340,Cyndi Worboy,18,Female,
341,Gaylor Buckett,17,Non-binary,14:29
342,Emerson Browne,56,Male,14:53
343,Kile Hellings,45,Male,16:23
344,Carlina Comberbeach,14,Female,16:07
345,Kristel Yakobowitz,27,Female,16:35
346,Brittni Gillies,15,Female,14:32
347,Oswald Lillie,40,Male,
348,Mariele Batterham,21,Female,15:13
349,Ariela Boosey,50,Non-binary,16:43
350,Doria Skures,60,Female,15:25
351,Viviene Gavigan,30,Genderfluid,15:26
352,Cal Rawlcliffe,48,Male,15:50
353,Gayla Guterson,38,Polygender,14:50
354,Willetta Tesche,15,Female,14:55
355,Josephine Mattam,42,Female,15:10
356,Alair Blyde,42,Polygender,14:27
357,Lettie Salan,33,Female,14:33
358,Bud Engeham,25,Male,14:28
359,Roxy Renzo,51,Female,16:48
360,August Danat,53,Male,15:08
361,Ave Neligan,47,Male,16:40
362,Addie Elgee,40,Female,15:42
363,Earle Saffin,46,Male,16:43
364,Amalia Garforth,51,Female,16:06
365,Ola Glennie,38,Female,17:00
366,Mil Goadby,32,Female,14:48
367,Scottie Stigers,55,Male,
368,Vivyan Flewitt,56,Female,17:02
369,Baudoin Garey,57,Male,14:54
370,Reggy Sibille,58,Male,15:20
371,Mariellen Leithgoe,16,Female,14:22
372,Dannye Antczak,26,Female,15:57
373,Faulkner Brik,59,Male,14:26
374,Jdavie Booler,42,Male,16:50
375,Ardelis Tydeman,25,Female,15:43
376,Clair Shimwell,28,Female,16:38
377,Frazier Larrad,54,Male,16:30
378,Georas Handforth,60,Male,14:55
379,Natty Veasey,48,Polygender,14:55
380,Nate McCorley,44,Male,17:01
381,Kalli Pashba,47,Female,15:21
382,Violet Yeeles,57,Female,17:03
383,Whitman Lackey,41,Male,17:02
384,Jan Bernholt,47,Male,
385,Kinsley Foord,19,Male,16:55
386,Benton Ranklin,14,Male,14:35
387,Thaddus Nore,25,Male,15:28
388,Neila Stener,49,Female,16:08
389,Archibaldo Kilborn,38,Male,14:30
390,Lucien Kennard,31,Male,14:40
391,Meriel Drysdell,62,Female,15:11
392,Thain Hansana,52,Male,
393,Ker Dearden,62,Male,14:15
394,Latisha Rendall,60,Polygender,17:06
395,Gerda Barrick,28,Female,15:57
396,Olenolin Dopson,46,Male,16:34
397,Collette Rangle,40,Female,
398,Melvin Cahalan,19,Male,15:45
399,Tressa Eaton,22,Female,15:08
400,Dell Kingswold,56,Male,16:38
401,Shadow Szach,51,Male,17:05
402,Darell Lewer,14,Female,14:29
403,Novelia Vaar,60,Female,16:18
404,Rori Eke,56,Female,14:53
405,Pavlov Urridge,23,Male,15:25
406,Mariele Staterfield,54,Female,15:06
407,Brianne Godding,46,Female,15:26
408,Lida Eames,50,Female,15:20
409,Colly Fylan,19,Female,
410,Myca Bick,34,Male,15:18
411,Madella Cardenoza,28,Female,15:37
412,Sephira Wilse,58,Female,16:06
413,Baillie Lamprecht,24,Male,16:36
414,Tomaso Fayne,61,Male,15:44
415,Dalia Neathway,56,Female,14:15
416,Andria Hentze,50,Female,15:17
417,Evin Storrier,15,Male,14:39
418,Violetta Jedrzejczak,29,Female,17:09
419,Margarethe Scrogges,34,Female,14:35
420,Tomas Stebles,16,Male,16:05
421,Neysa Willatt,60,Genderfluid,14:33
422,Ulrick De Miranda,39,Male,14:30
423,Levi Tanzer,23,Male,15:16
424,Errol Filkin,27,Male,
425,Susette Gerish,26,Genderqueer,17:03
426,Base Dukes,62,Non-binary,15:19
427,Finlay Sopp,43,Agender,
428,Hammad Robertot,48,Male,16:31
429,Evangelin Bagge,30,Genderfluid,15:17
430,Cassondra Cudbertson,37,Female,17:08
431,Cinnamon Morstatt,35,Female,15:56
432,Wells O'Doohaine,38,Male,15:15
433,Callean Pear,16,Male,15:48
434,Dominique Salman,58,Male,16:43
435,Don Ibbitson,30,Male,16:47
436,Odetta Schoales,45,Female,16:39
437,Ealasaid Duesberry,49,Female,17:00
438,Meara McQuade,60,Female,15:51
439,Pris Oldroyde,51,Female,14:53
440,Barbie Grave,26,Female,15:53
441,Griff Slyvester,21,Male,16:23
442,Rudd Boyer,33,Male,15:31
443,Amery McComiskey,38,Male,15:19
444,Adamo O'Fallone,15,Male,16:05
445,Laurette Antonovic,29,Female,15:23
446,Berkly Abotson,32,Male,14:34
447,Misty Goodacre,43,Female,
448,Dorita Grills,45,Female,14:39
449,Augustine Rudd,46,Female,14:30
450,Shayne Linham,44,Male,15:48
451,Letisha Gegg,47,Female,16:38
452,Rorke Kalisz,51,Male,15:04
453,Lynelle Tegeller,19,Female,14:56
454,Clo Bonehill,33,Female,15:06
455,Clemmy Adnam,39,Male,
456,Sasha Carlyon,46,Bigender,16:06
457,Franchot Iddon,50,Male,14:53
458,Lorenza Strognell,43,Female,16:23
459,Caresa Ridley,28,Female,15:05
460,Mariann Dulake,35,Female,14:52
461,Tedie Brownsworth,55,Male,14:43
462,Lesli Vales,50,Female,14:53
463,Leeland Safe,21,Male,15:57
464,Hazel Beardwood,21,Female,16:41
465,Debera Chipman,26,Female,15:54
466,Francine Hussey,23,Female,15:19
467,Oran Gilley,49,Male,14:54
468,Jemie Drage,55,Female,14:42
469,Vale Sor,56,Female,14:26
470,Donielle Parkes,29,Female,14:21
471,Baudoin Sawers,51,Male,15:51
472,Merola Goburn,52,Female,15:14
473,Celestyna Scutter,41,Female,17:09
474,Casey Viscovi,48,Male,16:10
475,Dell Baish,35,Female,15:45
476,Prent Perryn,62,Polygender,17:03
477,Peria Zuan,19,Female,16:28
478,Rosene Shipton,39,Female,16:05
479,Hedwig Rennie,27,Female,16:17
480,Tomasina Greensall,22,Agender,15:12
481,Shirl Conaghy,57,Female,16:19
482,Buffy Wohlers,35,Female,14:20
483,Milena Hunnaball,17,Female,14:49
484,Sianna Aitkenhead,28,Female,
485,Georgie Megainey,26,Female,
486,Willette Leyman,48,Female,16:50
487,Brnaba McBeth,62,Male,15:07
488,Griselda Wike,44,Female,
489,Alard Roxburch,60,Male,17:04
490,Kendall Valentim,19,Male,16:36
491,Almeta Kelland,39,Female,17:02
492,Virgil Phelip,28,Male,16:36
493,Timmie Sikora,19,Female,15:27
494,Margie Lippard,48,Female,17:07
495,Anjanette Harriss,37,Female,16:31
496,Julianne Bradburn,30,Female,16:58
497,Egon Mistry,45,Male,15:34
498,Averil Colquit,46,Bigender,15:43
499,Laurent Maplethorpe,58,Male,16:57
500,Connie Tyzack,48,Female,15:36
501,Emmie Juhruke,54,Female,15:32
502,Linell Sarchwell,31,Female,16:36
503,Alexandre Paradin,61,Male,
504,Hattie Ilyenko,49,Female,15:05
505,Vaughn Sansum,56,Male,15:48
506,Raoul Saing,31,Male,14:37
507,Jillian Costa,58,Female,16:24
508,Brantley Coxhell,26,Male,14:41
509,Brena Proback,21,Female,14:58
510,Yolande Dannatt,26,Female,15:12
6,Tonnie Tidder,44,Male,15:43
7,Hermy Everal,51,Male,
8,Basil Moxsom,44,Male,15:16
9,Lark Bragge,30,Female,15:59
10,Kent Wakely,60,Male,14:29
11,Judye Hattrick,17,Female,15:27
12,Amalea Laurand,17,Agender,16:46
13,Christiana Winspeare,52,Female,16:18
14,Trevar Pegrum,31,Male,16:05
15,Kearney Doumerc,48,Male,15:11
16,Casey Arthur,54,Female,16:41
17,Antony Burnes,19,Male,15:58
18,Ike Ranson,20,Agender,16:45
19,Niels Lynagh,25,Male,17:08
20,Stormy Gideon,43,Female,16:51
21,Carmencita Petrishchev,20,Female,14:15
22,Cristina Brabbs,60,Female,14:20
23,Cordy Jeannaud,27,Female,14:45
24,Rubi Greeson,39,Female,14:46
25,Mickie Drohun,28,Female,16:20
26,Levon Cayette,14,Male,17:07
27,Georges Capoun,38,Male,14:47
28,Yance Ingreda,39,Male,15:40
29,Elfreda Dunmuir,44,Female,15:04
30,Ivar Nutting,33,Male,15:00
31,Sibley Golton,42,Female,14:54
32,Winn Froome,48,Male,14:25
33,Gabbie Woollhead,35,Male,14:39
34,Essy Icke,48,Female,14:53
35,Rodd Pessler,53,Male,16:08
36,Gertrude Sinclaire,21,Female,15:15
511,Charmian Royle,15,Female,15:02
512,Kain O'Rafferty,16,Male,16:47
513,Frannie Sudy,32,Polygender,14:54
514,Rooney Klausewitz,57,Male,14:19
515,Karil Darley,25,Female,16:18
516,Coop Learmond,49,Male,17:00
517,Carney Pulman,48,Male,17:04
518,Everard Jaime,55,Male,16:57
519,Raven Menelaws,39,Female,17:02
520,Gherardo Iskower,36,Male,16:44
521,Benton Rogger,54,Male,16:21
522,Jyoti Marcu,42,Female,15:30
523,Klemens Coyett,29,Male,14:30
524,Early Rosebotham,55,Genderfluid,
525,Mitchell Groundwator,62,Male,16:43
526,Dorry Larmuth,38,Female,14:48
527,Bobby Sykes,52,Genderqueer,15:28
528,Amalia Benedicte,43,Female,14:44
529,Eula Wenderott,39,Female,17:08
530,Jaymee Presnall,55,Female,16:08
531,Vaughan Egleton,44,Male,15:33
532,Durand Musto,50,Male,16:00
533,Eugine Galpen,25,Female,15:10
534,Freemon Passmore,26,Male,17:09
535,Hieronymus Older,47,Male,15:23
536,Kliment Thunders,53,Male,16:01
537,Ario Folliott,56,Male,
538,Henderson Kinnett,31,Male,14:44
539,Christin Ebbett,43,Female,15:44
540,Gallagher Vardey,47,Male,15:10
541,Janeen Janicijevic,42,Female,16:02
542,Lynnet Savary,57,Female,15:22
543,Nadya Schmidt,24,Female,16:10
544,Sophia Douberday,31,Female,14:16
545,Zia Franzettoini,23,Female,15:13
546,Chauncey Langthorne,16,Bigender,14:29
547,Patin Dawidowitsch,17,Genderqueer,15:27
548,Lorelle Ellesworth,61,Female,15:03
549,Wit Humberstone,59,Male,16:25
550,Darby Paydon,53,Female,
551,Mariele Scraggs,35,Female,16:39
552,Fidole Whoolehan,53,Male,16:07
553,Rab Carvilla,34,Male,15:51
554,Jud Goomes,28,Male,16:47
555,Mame Hunsworth,54,Female,15:28
556,Maria Beecker,60,Female,14:48
557,Cristen Dodworth,17,Female,14:56
558,Meredith Yoakley,47,Female,15:07
559,Catherine Gaitskell,38,Female,
560,Paulette Buxam,58,Female,15:41
561,Osbourn Dummett,32,Male,16:13
562,Pincas Inger,17,Male,15:30
563,Tamarra Upham,26,Female,15:16
564,Georgy Reichelt,35,Male,14:24
565,Oliver Cardon,23,Male,16:56
566,Haywood McTeggart,20,Male,16:48
567,Cecilla Gisbourn,26,Female,14:45
568,Ellsworth Piscopo,22,Male,14:45
569,Augie Campey,46,Male,15:26
570,Mirella Cabotto,41,Female,14:18
571,Orazio Gail,55,Male,14:40
572,Wilow Howerd,21,Female,14:21
573,Keefer Gronou,60,Polygender,15:38
574,Carol Grimsdith,46,Female,16:51
575,Colby Clorley,32,Male,14:26
576,Carr Pollicatt,23,Male,16:49
577,Elianora Peele,62,Female,16:35
578,Dagmar Bedburrow,47,Polygender,14:49
579,Karoly Enderle,14,Female,
580,Hana Rraundl,41,Female,15:47
581,Jude Snowdon,28,Male,14:29
582,Dael Kosiada,57,Female,15:45
583,Kara Woodlands,23,Polygender,16:28
584,Hattie Greenall,57,Female,16:43
585,Kaitlyn Oakwell,30,Female,15:49
586,Adair McKeefry,45,Agender,16:38
587,Nicolais Attenbrough,39,Polygender,17:07
588,Darsey Tytcomb,43,Female,14:27
589,Aksel Bristo,24,Male,16:55
590,Abigale Beedle,41,Genderqueer,15:34
591,Minda Disdel,62,Female,15:42
592,Bambi McDermid,15,Female,15:07
593,Sullivan Le Gall,27,Male,16:32
594,Fredericka Keilty,51,Female,15:44
595,Joleen Macari,24,Female,14:37
596,Layton Noirel,22,Male,16:34
597,Ranna Erickson,55,Female,14:26
598,Avigdor McNamee,22,Male,16:03
599,Pavel Crocroft,35,Male,
600,Brana Seman,39,Genderfluid,15:04
601,Obadiah Marjanovic,39,Male,17:00
602,Corey Tethacot,61,Male,15:37
603,Cassey Gauford,14,Female,15:16
604,Aurthur Cudworth,50,Male,15:10
605,Ange Conneely,37,Male,17:00
606,Nonna Restill,57,Genderfluid,14:24
607,Scott Ruskin,35,Male,16:41
608,Hinda Coyish,35,Female,16:01
609,Celia Clougher,30,Female,15:46
610,Noble Daunay,26,Male,15:44
611,Dianna Dunsire,23,Female,15:56
612,Cordey Gibke,27,Female,15:39
613,Ulysses Middell,22,Male,15:07
614,Edin Soloway,46,Female,14:52
615,Seth Willishire,41,Male,15:08
616,Abelard Bole,36,Male,15:51
617,Mac Figiovanni,60,Male,14:43
618,Rafaelita Mates,47,Female,16:32
619,Harper Ferrier,47,Male,16:20
620,Horten Rupp,58,Male,14:43
621,Gare Shacklady,50,Male,15:34
622,Jacquie MacRanald,58,Female,16:59
623,Ingram Ivamy,39,Male,16:01
624,Mariejeanne Bernetti,49,Female,14:57
625,Merrill Dorre,25,Female,16:26
626,Man Sancto,23,Male,14:51
627,Michelle Janus,61,Female,15:16
628,Noble Gorling,54,Male,16:45
629,Abra Paulou,15,Female,14:56
630,Taddeusz Teideman,53,Male,
631,Agace Oats,55,Female,16:14
632,Shaughn Sapauton,33,Male,15:58
633,Molli Stanley,27,Female,15:20
634,Mile Hrishanok,57,Male,16:26
635,Dusty Truder,40,Female,17:03
636,Fayette Pervoe,18,Female,15:42
637,Allie Mingaye,55,Male,14:53
638,Noe Nayer,38,Male,15:08
639,Collen Lainton,54,Female,17:07
640,Chickie Wildman,52,Male,16:22
6,Tonnie Tidder,44,Male,15:43
7,Hermy Everal,51,Male,
8,Basil Moxsom,44,Male,15:16
9,Lark Bragge,30,Female,15:59
10,Kent Wakely,60,Male,14:29
11,Judye Hattrick,17,Female,15:27
12,Amalea Laurand,17,Agender,16:46
13,Christiana Winspeare,52,Female,16:18
14,Trevar Pegrum,31,Male,16:05
15,Kearney Doumerc,48,Male,15:11
16,Casey Arthur,54,Female,16:41
17,Antony Burnes,19,Male,15:58
18,Ike Ranson,20,Agender,16:45
19,Niels Lynagh,25,Male,17:08
20,Stormy Gideon,43,Female,16:51
21,Carmencita Petrishchev,20,Female,14:15
22,Cristina Brabbs,60,Female,14:20
23,Cordy Jeannaud,27,Female,14:45
24,Rubi Greeson,39,Female,14:46
25,Mickie Drohun,28,Female,16:20
26,Levon Cayette,14,Male,17:07
27,Georges Capoun,38,Male,14:47
28,Yance Ingreda,39,Male,15:40
29,Elfreda Dunmuir,44,Female,15:04
30,Ivar Nutting,33,Male,15:00
31,Sibley Golton,42,Female,14:54
32,Winn Froome,48,Male,14:25
33,Gabbie Woollhead,35,Male,14:39
34,Essy Icke,48,Female,14:53
35,Rodd Pessler,53,Male,16:08
36,Gertrude Sinclaire,21,Female,15:15

